marches.maximilien.fr,https://marches.maximilien.fr
marches.ternum-bfc.fr,https://marches.ternum-bfc.fr
marches.cnes.fr,https://marches.cnes.fr
marchespublics.paysdelaloire.fr,https://marchespublics.paysdelaloire.fr
marchespublics596280.fr,https://marchespublics596280.fr
marchespublics.grandest.fr,https://marchespublics.grandest.fr
marches.departement13.fr,https://marches.departement13.fr
marchespublics.lenord.fr,https://marchespublics.lenord.fr
alsacemarchespublics.eu,https://alsacemarchespublics.eu
mpe-marseille.local-trust.com,https://mpe-marseille.local-trust.com
marches.megalisbretagne.org,https://marches.megalisbretagne.org
marchespublics.hautsdefrance.fr,https://marchespublics.hautsdefrance.fr
marchespublics.gard.fr,https://marchespublics.gard.fr
demat-ampa.fr,https://demat-ampa.fr